--
-- PostgreSQL database dump
--

\restrict sMeERBH1xTEPsrxMWs2Hf1wEwhR1E5eG3FdFyJcABMCIx2NJhmqy6cHEMvBKv0c

-- Dumped from database version 18.2
-- Dumped by pg_dump version 18.2

SET statement_timeout = 0;
SET lock_timeout = 0;
SET idle_in_transaction_session_timeout = 0;
SET client_encoding = 'UTF8';
SET standard_conforming_strings = on;
SELECT pg_catalog.set_config('search_path', '', false);
SET check_function_bodies = false;
SET xmloption = content;
SET client_min_messages = warning;
SET row_security = off;

SET default_tablespace = '';

SET default_table_access_method = heap;

--
-- Name: app_dailyprogress; Type: TABLE; Schema: public; Owner: -
--

CREATE TABLE public.app_dailyprogress (
    id bigint NOT NULL,
    date date NOT NULL,
    workout_done boolean NOT NULL,
    calories_consumed integer,
    notes text NOT NULL,
    user_id uuid NOT NULL
);


--
-- Name: app_dailyprogress_id_seq; Type: SEQUENCE; Schema: public; Owner: -
--

ALTER TABLE public.app_dailyprogress ALTER COLUMN id ADD GENERATED BY DEFAULT AS IDENTITY (
    SEQUENCE NAME public.app_dailyprogress_id_seq
    START WITH 1
    INCREMENT BY 1
    NO MINVALUE
    NO MAXVALUE
    CACHE 1
);


--
-- Name: app_message; Type: TABLE; Schema: public; Owner: -
--

CREATE TABLE public.app_message (
    id bigint NOT NULL,
    message text NOT NULL,
    is_read boolean NOT NULL,
    created_at timestamp with time zone NOT NULL,
    receiver_id uuid NOT NULL,
    sender_id uuid NOT NULL
);


--
-- Name: app_message_id_seq; Type: SEQUENCE; Schema: public; Owner: -
--

ALTER TABLE public.app_message ALTER COLUMN id ADD GENERATED BY DEFAULT AS IDENTITY (
    SEQUENCE NAME public.app_message_id_seq
    START WITH 1
    INCREMENT BY 1
    NO MINVALUE
    NO MAXVALUE
    CACHE 1
);


--
-- Name: app_organization; Type: TABLE; Schema: public; Owner: -
--

CREATE TABLE public.app_organization (
    id bigint NOT NULL,
    name character varying(255) NOT NULL,
    email character varying(254) NOT NULL,
    mobile character varying(15) NOT NULL,
    is_active boolean NOT NULL,
    is_delete boolean NOT NULL,
    deleted_at timestamp with time zone,
    created_at timestamp with time zone NOT NULL,
    updated_at timestamp with time zone NOT NULL
);


--
-- Name: app_organization_id_seq; Type: SEQUENCE; Schema: public; Owner: -
--

ALTER TABLE public.app_organization ALTER COLUMN id ADD GENERATED BY DEFAULT AS IDENTITY (
    SEQUENCE NAME public.app_organization_id_seq
    START WITH 1
    INCREMENT BY 1
    NO MINVALUE
    NO MAXVALUE
    CACHE 1
);


--
-- Name: app_role; Type: TABLE; Schema: public; Owner: -
--

CREATE TABLE public.app_role (
    id bigint NOT NULL,
    name character varying(50) NOT NULL,
    description text NOT NULL,
    is_active boolean NOT NULL,
    deleted_at timestamp with time zone,
    created_at timestamp with time zone NOT NULL,
    updated_at timestamp with time zone NOT NULL
);


--
-- Name: app_role_id_seq; Type: SEQUENCE; Schema: public; Owner: -
--

ALTER TABLE public.app_role ALTER COLUMN id ADD GENERATED BY DEFAULT AS IDENTITY (
    SEQUENCE NAME public.app_role_id_seq
    START WITH 1
    INCREMENT BY 1
    NO MINVALUE
    NO MAXVALUE
    CACHE 1
);


--
-- Name: app_user; Type: TABLE; Schema: public; Owner: -
--

CREATE TABLE public.app_user (
    id uuid NOT NULL,
    is_frozen boolean NOT NULL,
    frozen_at timestamp with time zone,
    unfrozen_at timestamp with time zone,
    is_delete boolean NOT NULL,
    is_first_login boolean NOT NULL,
    last_login timestamp with time zone,
    expired_at timestamp with time zone,
    created_at timestamp with time zone NOT NULL,
    updated_at timestamp with time zone NOT NULL,
    deleted_at timestamp with time zone,
    auth_user_id integer NOT NULL,
    country_code character varying(5) NOT NULL,
    mobile character varying(15),
    user_code character varying(6)
);


--
-- Name: app_userotp; Type: TABLE; Schema: public; Owner: -
--

CREATE TABLE public.app_userotp (
    id uuid NOT NULL,
    otp_code character varying(6) NOT NULL,
    is_used boolean NOT NULL,
    created_at timestamp with time zone NOT NULL,
    expires_at timestamp with time zone NOT NULL,
    used_at timestamp with time zone,
    is_delete boolean NOT NULL,
    deleted_at timestamp with time zone,
    user_id integer,
    email character varying(254)
);


--
-- Name: app_userprofile; Type: TABLE; Schema: public; Owner: -
--

CREATE TABLE public.app_userprofile (
    id bigint NOT NULL,
    height_cm double precision,
    weight_kg double precision,
    goal character varying(255) NOT NULL,
    activity_level character varying(20) NOT NULL,
    created_at timestamp with time zone NOT NULL,
    assigned_trainer_id uuid,
    user_id uuid NOT NULL,
    profile_image character varying(100)
);


--
-- Name: app_userprofile_id_seq; Type: SEQUENCE; Schema: public; Owner: -
--

ALTER TABLE public.app_userprofile ALTER COLUMN id ADD GENERATED BY DEFAULT AS IDENTITY (
    SEQUENCE NAME public.app_userprofile_id_seq
    START WITH 1
    INCREMENT BY 1
    NO MINVALUE
    NO MAXVALUE
    CACHE 1
);


--
-- Name: app_wellnesstype; Type: TABLE; Schema: public; Owner: -
--

CREATE TABLE public.app_wellnesstype (
    id bigint NOT NULL,
    name character varying(50) NOT NULL,
    is_delete boolean NOT NULL,
    created_at timestamp with time zone NOT NULL
);


--
-- Name: app_wellnesstype_id_seq; Type: SEQUENCE; Schema: public; Owner: -
--

ALTER TABLE public.app_wellnesstype ALTER COLUMN id ADD GENERATED BY DEFAULT AS IDENTITY (
    SEQUENCE NAME public.app_wellnesstype_id_seq
    START WITH 1
    INCREMENT BY 1
    NO MINVALUE
    NO MAXVALUE
    CACHE 1
);


--
-- Name: app_workoutgroup; Type: TABLE; Schema: public; Owner: -
--

CREATE TABLE public.app_workoutgroup (
    id bigint NOT NULL,
    name character varying(255) NOT NULL,
    description text NOT NULL,
    is_active boolean NOT NULL,
    created_at timestamp with time zone NOT NULL,
    created_by_id uuid
);


--
-- Name: app_workoutgroup_id_seq; Type: SEQUENCE; Schema: public; Owner: -
--

ALTER TABLE public.app_workoutgroup ALTER COLUMN id ADD GENERATED BY DEFAULT AS IDENTITY (
    SEQUENCE NAME public.app_workoutgroup_id_seq
    START WITH 1
    INCREMENT BY 1
    NO MINVALUE
    NO MAXVALUE
    CACHE 1
);


--
-- Name: app_workoutgroup_members; Type: TABLE; Schema: public; Owner: -
--

CREATE TABLE public.app_workoutgroup_members (
    id bigint NOT NULL,
    workoutgroup_id bigint NOT NULL,
    user_id uuid NOT NULL
);


--
-- Name: app_workoutgroup_members_id_seq; Type: SEQUENCE; Schema: public; Owner: -
--

ALTER TABLE public.app_workoutgroup_members ALTER COLUMN id ADD GENERATED BY DEFAULT AS IDENTITY (
    SEQUENCE NAME public.app_workoutgroup_members_id_seq
    START WITH 1
    INCREMENT BY 1
    NO MINVALUE
    NO MAXVALUE
    CACHE 1
);


--
-- Name: auth_group; Type: TABLE; Schema: public; Owner: -
--

CREATE TABLE public.auth_group (
    id integer NOT NULL,
    name character varying(150) NOT NULL
);


--
-- Name: auth_group_id_seq; Type: SEQUENCE; Schema: public; Owner: -
--

ALTER TABLE public.auth_group ALTER COLUMN id ADD GENERATED BY DEFAULT AS IDENTITY (
    SEQUENCE NAME public.auth_group_id_seq
    START WITH 1
    INCREMENT BY 1
    NO MINVALUE
    NO MAXVALUE
    CACHE 1
);


--
-- Name: auth_group_permissions; Type: TABLE; Schema: public; Owner: -
--

CREATE TABLE public.auth_group_permissions (
    id bigint NOT NULL,
    group_id integer NOT NULL,
    permission_id integer NOT NULL
);


--
-- Name: auth_group_permissions_id_seq; Type: SEQUENCE; Schema: public; Owner: -
--

ALTER TABLE public.auth_group_permissions ALTER COLUMN id ADD GENERATED BY DEFAULT AS IDENTITY (
    SEQUENCE NAME public.auth_group_permissions_id_seq
    START WITH 1
    INCREMENT BY 1
    NO MINVALUE
    NO MAXVALUE
    CACHE 1
);


--
-- Name: auth_permission; Type: TABLE; Schema: public; Owner: -
--

CREATE TABLE public.auth_permission (
    id integer NOT NULL,
    name character varying(255) NOT NULL,
    content_type_id integer NOT NULL,
    codename character varying(100) NOT NULL
);


--
-- Name: auth_permission_id_seq; Type: SEQUENCE; Schema: public; Owner: -
--

ALTER TABLE public.auth_permission ALTER COLUMN id ADD GENERATED BY DEFAULT AS IDENTITY (
    SEQUENCE NAME public.auth_permission_id_seq
    START WITH 1
    INCREMENT BY 1
    NO MINVALUE
    NO MAXVALUE
    CACHE 1
);


--
-- Name: auth_user; Type: TABLE; Schema: public; Owner: -
--

CREATE TABLE public.auth_user (
    id integer NOT NULL,
    password character varying(128) NOT NULL,
    last_login timestamp with time zone,
    is_superuser boolean NOT NULL,
    username character varying(150) NOT NULL,
    first_name character varying(150) NOT NULL,
    last_name character varying(150) NOT NULL,
    email character varying(254) NOT NULL,
    is_staff boolean NOT NULL,
    is_active boolean NOT NULL,
    date_joined timestamp with time zone NOT NULL
);


--
-- Name: auth_user_groups; Type: TABLE; Schema: public; Owner: -
--

CREATE TABLE public.auth_user_groups (
    id bigint NOT NULL,
    user_id integer NOT NULL,
    group_id integer NOT NULL
);


--
-- Name: auth_user_groups_id_seq; Type: SEQUENCE; Schema: public; Owner: -
--

ALTER TABLE public.auth_user_groups ALTER COLUMN id ADD GENERATED BY DEFAULT AS IDENTITY (
    SEQUENCE NAME public.auth_user_groups_id_seq
    START WITH 1
    INCREMENT BY 1
    NO MINVALUE
    NO MAXVALUE
    CACHE 1
);


--
-- Name: auth_user_id_seq; Type: SEQUENCE; Schema: public; Owner: -
--

ALTER TABLE public.auth_user ALTER COLUMN id ADD GENERATED BY DEFAULT AS IDENTITY (
    SEQUENCE NAME public.auth_user_id_seq
    START WITH 1
    INCREMENT BY 1
    NO MINVALUE
    NO MAXVALUE
    CACHE 1
);


--
-- Name: auth_user_user_permissions; Type: TABLE; Schema: public; Owner: -
--

CREATE TABLE public.auth_user_user_permissions (
    id bigint NOT NULL,
    user_id integer NOT NULL,
    permission_id integer NOT NULL
);


--
-- Name: auth_user_user_permissions_id_seq; Type: SEQUENCE; Schema: public; Owner: -
--

ALTER TABLE public.auth_user_user_permissions ALTER COLUMN id ADD GENERATED BY DEFAULT AS IDENTITY (
    SEQUENCE NAME public.auth_user_user_permissions_id_seq
    START WITH 1
    INCREMENT BY 1
    NO MINVALUE
    NO MAXVALUE
    CACHE 1
);


--
-- Name: authtoken_token; Type: TABLE; Schema: public; Owner: -
--

CREATE TABLE public.authtoken_token (
    key character varying(40) NOT NULL,
    created timestamp with time zone NOT NULL,
    user_id integer NOT NULL
);


--
-- Name: django_admin_log; Type: TABLE; Schema: public; Owner: -
--

CREATE TABLE public.django_admin_log (
    id integer NOT NULL,
    action_time timestamp with time zone NOT NULL,
    object_id text,
    object_repr character varying(200) NOT NULL,
    action_flag smallint NOT NULL,
    change_message text NOT NULL,
    content_type_id integer,
    user_id integer NOT NULL,
    CONSTRAINT django_admin_log_action_flag_check CHECK ((action_flag >= 0))
);


--
-- Name: django_admin_log_id_seq; Type: SEQUENCE; Schema: public; Owner: -
--

ALTER TABLE public.django_admin_log ALTER COLUMN id ADD GENERATED BY DEFAULT AS IDENTITY (
    SEQUENCE NAME public.django_admin_log_id_seq
    START WITH 1
    INCREMENT BY 1
    NO MINVALUE
    NO MAXVALUE
    CACHE 1
);


--
-- Name: django_content_type; Type: TABLE; Schema: public; Owner: -
--

CREATE TABLE public.django_content_type (
    id integer NOT NULL,
    app_label character varying(100) NOT NULL,
    model character varying(100) NOT NULL
);


--
-- Name: django_content_type_id_seq; Type: SEQUENCE; Schema: public; Owner: -
--

ALTER TABLE public.django_content_type ALTER COLUMN id ADD GENERATED BY DEFAULT AS IDENTITY (
    SEQUENCE NAME public.django_content_type_id_seq
    START WITH 1
    INCREMENT BY 1
    NO MINVALUE
    NO MAXVALUE
    CACHE 1
);


--
-- Name: django_migrations; Type: TABLE; Schema: public; Owner: -
--

CREATE TABLE public.django_migrations (
    id bigint NOT NULL,
    app character varying(255) NOT NULL,
    name character varying(255) NOT NULL,
    applied timestamp with time zone NOT NULL
);


--
-- Name: django_migrations_id_seq; Type: SEQUENCE; Schema: public; Owner: -
--

ALTER TABLE public.django_migrations ALTER COLUMN id ADD GENERATED BY DEFAULT AS IDENTITY (
    SEQUENCE NAME public.django_migrations_id_seq
    START WITH 1
    INCREMENT BY 1
    NO MINVALUE
    NO MAXVALUE
    CACHE 1
);


--
-- Name: django_session; Type: TABLE; Schema: public; Owner: -
--

CREATE TABLE public.django_session (
    session_key character varying(40) NOT NULL,
    session_data text NOT NULL,
    expire_date timestamp with time zone NOT NULL
);


--
-- Data for Name: app_dailyprogress; Type: TABLE DATA; Schema: public; Owner: -
--

COPY public.app_dailyprogress (id, date, workout_done, calories_consumed, notes, user_id) FROM stdin;
\.


--
-- Data for Name: app_message; Type: TABLE DATA; Schema: public; Owner: -
--

COPY public.app_message (id, message, is_read, created_at, receiver_id, sender_id) FROM stdin;
\.


--
-- Data for Name: app_organization; Type: TABLE DATA; Schema: public; Owner: -
--

COPY public.app_organization (id, name, email, mobile, is_active, is_delete, deleted_at, created_at, updated_at) FROM stdin;
\.


--
-- Data for Name: app_role; Type: TABLE DATA; Schema: public; Owner: -
--

COPY public.app_role (id, name, description, is_active, deleted_at, created_at, updated_at) FROM stdin;
\.


--
-- Data for Name: app_user; Type: TABLE DATA; Schema: public; Owner: -
--

COPY public.app_user (id, is_frozen, frozen_at, unfrozen_at, is_delete, is_first_login, last_login, expired_at, created_at, updated_at, deleted_at, auth_user_id, country_code, mobile, user_code) FROM stdin;
ab372ad1-404f-4163-b3cc-b3d3d197f212	f	\N	\N	f	t	\N	\N	2026-02-15 10:24:47.002762+00	2026-02-15 10:24:47.002778+00	\N	1	+91	08825437384	325545
c99c0ace-8fe6-44f5-af9d-d1c7bdbe8a0d	f	\N	\N	f	t	\N	\N	2026-02-15 10:34:29.294289+00	2026-02-15 10:34:29.294302+00	\N	2	+91	76543456545	919047
f26c8e9d-f613-445c-9104-20314d7f684d	f	\N	\N	f	t	\N	\N	2026-02-15 11:38:01.167613+00	2026-02-15 11:38:01.16763+00	\N	3	+91	3456765456765	511348
d4ed39b4-9f9a-4919-8cd7-6d7de42ebcad	f	\N	\N	f	t	\N	\N	2026-02-15 18:52:37.311811+00	2026-02-15 18:52:37.311829+00	\N	10	+91	8825441395	177446
936b42ea-f964-4601-8d34-ca309bbd1205	f	\N	\N	f	t	\N	\N	2026-02-15 19:00:31.481303+00	2026-02-15 19:00:31.481323+00	\N	11	+91	8825441390	486405
82b127cc-e689-4d46-a110-c208d3c05dbc	f	\N	\N	f	t	\N	\N	2026-02-15 19:13:24.048567+00	2026-02-15 19:13:24.048585+00	\N	12	+91	8825441399	338039
0698ac08-5ab1-426d-8339-98b8ccf8ba7e	f	\N	\N	f	t	\N	\N	2026-02-15 19:20:43.513657+00	2026-02-15 19:20:43.513671+00	\N	13	+91	8825441396	334285
96f7a715-2150-4fbb-a160-147fa1f17933	f	\N	\N	f	t	\N	\N	2026-02-16 06:03:34.965568+00	2026-02-16 06:03:34.965584+00	\N	14	+91	12345678870	198161
a175609e-efc0-4064-b61d-bf6ea3896759	f	\N	\N	f	t	\N	\N	2026-02-16 08:28:30.860737+00	2026-02-16 08:28:30.860758+00	\N	15	+91	7656565656	304559
f3f74b65-afe6-4400-8935-4c25e1cb259a	f	\N	\N	f	t	\N	\N	2026-02-16 12:28:04.148453+00	2026-02-16 12:28:04.148469+00	\N	16	+91	12234567897	252135
\.


--
-- Data for Name: app_userotp; Type: TABLE DATA; Schema: public; Owner: -
--

COPY public.app_userotp (id, otp_code, is_used, created_at, expires_at, used_at, is_delete, deleted_at, user_id, email) FROM stdin;
e8ce1776-10d2-458b-901e-9f308cf9dce8	27CE45	t	2026-02-15 10:23:27.444892+00	2026-02-15 10:28:27.444249+00	2026-02-15 10:24:17.719696+00	f	\N	\N	feyof63773@homuno.com
2423154a-d827-4dfb-8664-55df0815cb76	16DA2C	t	2026-02-15 10:33:25.279374+00	2026-02-15 10:38:25.278967+00	2026-02-15 10:33:48.284161+00	f	\N	\N	xehit45164@manupay.com
a8d6785d-494c-4286-8946-811f9aa878c4	AA83E7	t	2026-02-15 11:36:52.188901+00	2026-02-15 11:41:52.188333+00	2026-02-15 11:37:27.318573+00	f	\N	\N	xinesev250@manupay.com
b916c026-a4cb-4096-97c0-75ddeedb9947	1F4EF9	t	2026-02-15 12:10:37.497943+00	2026-02-15 12:15:37.497481+00	2026-02-15 12:11:05.146513+00	f	\N	\N	kitiw68598@homuno.com
7927d2fc-2baa-42ee-9c49-e43ca0752340	6A667E	t	2026-02-15 17:24:43.016378+00	2026-02-15 17:29:43.015754+00	2026-02-15 17:25:08.850927+00	f	\N	\N	xocar38063@homuno.com
daa16240-310f-458c-92d6-1b01b7d50a7c	995140	t	2026-02-15 17:49:25.216236+00	2026-02-15 17:54:25.215654+00	2026-02-15 17:49:53.189182+00	f	\N	\N	hilivar768@manupay.com
dd38f429-5f30-43e8-a23a-ad717223d0c6	DE9499	t	2026-02-15 18:29:12.816865+00	2026-02-15 18:34:12.816277+00	2026-02-15 18:29:41.665563+00	f	\N	\N	fawebeb816@homuno.com
822df12f-f7de-44de-b9c7-34083bc35bac	504C80	t	2026-02-15 18:32:36.148207+00	2026-02-15 18:37:36.147143+00	2026-02-15 18:33:20.064264+00	f	\N	\N	vawohe9526@homuno.com
d9bd2fa7-236c-4616-958d-aad200f44319	46231C	f	2026-02-15 18:44:49.758268+00	2026-02-15 18:49:49.75767+00	\N	f	\N	\N	novibow540@homuno.com
a3b826bd-d0ec-4c2a-a489-b31683bd0f93	590A65	t	2026-02-15 18:47:01.658283+00	2026-02-15 18:52:01.657646+00	2026-02-15 18:47:21.664806+00	f	\N	\N	sannnnn302005@gmail.com
4c30727b-9ce0-4a8c-baca-8914949201d6	42AF16	t	2026-02-15 18:51:38.700177+00	2026-02-15 18:56:38.6997+00	2026-02-15 18:52:15.485427+00	f	\N	\N	dohigo5399@manupay.com
4bcc1da4-5099-49b1-a990-6190362ab1ff	123C98	t	2026-02-15 18:59:21.981523+00	2026-02-15 19:04:21.980537+00	2026-02-15 18:59:52.453269+00	f	\N	\N	joneles423@homuno.com
d0de3155-bcbb-4ff9-bb59-a69fbc807bba	194D16	t	2026-02-15 19:12:33.031476+00	2026-02-15 19:17:33.030939+00	2026-02-15 19:12:55.73872+00	f	\N	\N	ditaso4414@manupay.com
e0a6a4fd-a393-44da-82ca-950be1907350	6A733D	t	2026-02-15 19:19:55.25047+00	2026-02-15 19:24:55.249336+00	2026-02-15 19:20:23.331229+00	f	\N	\N	pesow65179@manupay.com
3e49f016-8db7-4b79-a9ce-93f8919a770f	7D42D1	f	2026-02-15 19:21:24.607574+00	2026-02-15 19:36:24.607177+00	\N	f	\N	13	pesow65179@manupay.com
774f504e-262d-4f78-868c-d3ba31bc047d	509F71	t	2026-02-16 06:02:46.017392+00	2026-02-16 06:07:46.01688+00	2026-02-16 06:03:09.822021+00	f	\N	\N	lipos31019@desiys.com
341fe6ed-bd27-4dac-86d9-542816546bb6	5ABE2D	t	2026-02-16 08:27:36.80591+00	2026-02-16 08:32:36.805244+00	2026-02-16 08:28:05.49913+00	f	\N	\N	rewicem431@manupay.com
50cb1a4f-cd7b-4a14-a7e9-2f5b80f77538	3AC9B4	t	2026-02-16 08:30:06.367891+00	2026-02-16 08:45:06.367493+00	\N	f	\N	15	rewicem431@manupay.com
061a5819-d409-4a11-af7b-2fa9469bafa5	974C24	f	2026-02-16 12:22:27.869382+00	2026-02-16 12:37:27.868818+00	\N	f	\N	15	rewicem431@manupay.com
3aa004b7-48e2-408a-a0c1-9d312cc39583	5667A3	t	2026-02-16 12:26:50.046494+00	2026-02-16 12:31:50.046106+00	2026-02-16 12:27:41.176382+00	f	\N	\N	vogate8506@esyline.com
5ae4310f-c391-4521-b3dc-949f03159919	461F79	t	2026-02-16 12:28:44.615501+00	2026-02-16 12:43:44.615093+00	2026-02-16 12:30:19.571926+00	f	\N	16	vogate8506@esyline.com
bd968522-a0b4-4298-a376-618255ed3323	839547	t	2026-02-16 14:42:23.498236+00	2026-02-16 14:47:23.497561+00	2026-02-16 14:43:54.615599+00	f	\N	\N	higoca3948@amiralty.com
\.


--
-- Data for Name: app_userprofile; Type: TABLE DATA; Schema: public; Owner: -
--

COPY public.app_userprofile (id, height_cm, weight_kg, goal, activity_level, created_at, assigned_trainer_id, user_id, profile_image) FROM stdin;
1	\N	\N		MEDIUM	2026-02-15 19:20:54.398364+00	\N	0698ac08-5ab1-426d-8339-98b8ccf8ba7e	
2	\N	\N		MEDIUM	2026-02-16 12:28:14.637165+00	\N	f3f74b65-afe6-4400-8935-4c25e1cb259a	
\.


--
-- Data for Name: app_wellnesstype; Type: TABLE DATA; Schema: public; Owner: -
--

COPY public.app_wellnesstype (id, name, is_delete, created_at) FROM stdin;
\.


--
-- Data for Name: app_workoutgroup; Type: TABLE DATA; Schema: public; Owner: -
--

COPY public.app_workoutgroup (id, name, description, is_active, created_at, created_by_id) FROM stdin;
\.


--
-- Data for Name: app_workoutgroup_members; Type: TABLE DATA; Schema: public; Owner: -
--

COPY public.app_workoutgroup_members (id, workoutgroup_id, user_id) FROM stdin;
\.


--
-- Data for Name: auth_group; Type: TABLE DATA; Schema: public; Owner: -
--

COPY public.auth_group (id, name) FROM stdin;
\.


--
-- Data for Name: auth_group_permissions; Type: TABLE DATA; Schema: public; Owner: -
--

COPY public.auth_group_permissions (id, group_id, permission_id) FROM stdin;
\.


--
-- Data for Name: auth_permission; Type: TABLE DATA; Schema: public; Owner: -
--

COPY public.auth_permission (id, name, content_type_id, codename) FROM stdin;
1	Can add log entry	1	add_logentry
2	Can change log entry	1	change_logentry
3	Can delete log entry	1	delete_logentry
4	Can view log entry	1	view_logentry
5	Can add permission	3	add_permission
6	Can change permission	3	change_permission
7	Can delete permission	3	delete_permission
8	Can view permission	3	view_permission
9	Can add group	2	add_group
10	Can change group	2	change_group
11	Can delete group	2	delete_group
12	Can view group	2	view_group
13	Can add user	4	add_user
14	Can change user	4	change_user
15	Can delete user	4	delete_user
16	Can view user	4	view_user
17	Can add content type	5	add_contenttype
18	Can change content type	5	change_contenttype
19	Can delete content type	5	delete_contenttype
20	Can view content type	5	view_contenttype
21	Can add session	6	add_session
22	Can change session	6	change_session
23	Can delete session	6	delete_session
24	Can view session	6	view_session
25	Can add Token	7	add_token
26	Can change Token	7	change_token
27	Can delete Token	7	delete_token
28	Can view Token	7	view_token
29	Can add Token	8	add_tokenproxy
30	Can change Token	8	change_tokenproxy
31	Can delete Token	8	delete_tokenproxy
32	Can view Token	8	view_tokenproxy
33	Can add organization	11	add_organization
34	Can change organization	11	change_organization
35	Can delete organization	11	delete_organization
36	Can view organization	11	view_organization
37	Can add role	12	add_role
38	Can change role	12	change_role
39	Can delete role	12	delete_role
40	Can view role	12	view_role
41	Can add wellness type	16	add_wellnesstype
42	Can change wellness type	16	change_wellnesstype
43	Can delete wellness type	16	delete_wellnesstype
44	Can view wellness type	16	view_wellnesstype
45	Can add user	13	add_user
46	Can change user	13	change_user
47	Can delete user	13	delete_user
48	Can view user	13	view_user
49	Can add message	10	add_message
50	Can change message	10	change_message
51	Can delete message	10	delete_message
52	Can view message	10	view_message
53	Can add daily progress	9	add_dailyprogress
54	Can change daily progress	9	change_dailyprogress
55	Can delete daily progress	9	delete_dailyprogress
56	Can view daily progress	9	view_dailyprogress
57	Can add user otp	14	add_userotp
58	Can change user otp	14	change_userotp
59	Can delete user otp	14	delete_userotp
60	Can view user otp	14	view_userotp
61	Can add user profile	15	add_userprofile
62	Can change user profile	15	change_userprofile
63	Can delete user profile	15	delete_userprofile
64	Can view user profile	15	view_userprofile
65	Can add workout group	17	add_workoutgroup
66	Can change workout group	17	change_workoutgroup
67	Can delete workout group	17	delete_workoutgroup
68	Can view workout group	17	view_workoutgroup
\.


--
-- Data for Name: auth_user; Type: TABLE DATA; Schema: public; Owner: -
--

COPY public.auth_user (id, password, last_login, is_superuser, username, first_name, last_name, email, is_staff, is_active, date_joined) FROM stdin;
1	pbkdf2_sha256$600000$xcgAU4UUn0QlHdRfH7gWQ0$B+evW2iEPK4i39TtgYm2+S34gHukpZTxsZ7AZYBA7jg=	\N	f	jasmin			feyof63773@homuno.com	f	t	2026-02-15 10:24:46.574433+00
2	pbkdf2_sha256$600000$5qOIrLNGOjrLqAyK8ZF882$KzWC6v/NSMTkT0Y6dbqaI+SHJ63gvivEvcHj+01kyVM=	\N	f	ragavi			xehit45164@manupay.com	f	t	2026-02-15 10:34:28.884628+00
3	pbkdf2_sha256$600000$j2Iyhbkqoo3UaAK7mhBWxZ$VAOKRr5Ig27Xi1ELbQCtOqIbEa/cRjXUg+P5EJeROAc=	\N	f	sree			xinesev250@manupay.com	f	t	2026-02-15 11:38:00.713733+00
4	pbkdf2_sha256$600000$Tf1jRtd0NovlKbnoMdNGRm$ZjMykk5az6xOCghOPp7JsKuG9ytQoHZ1hhFYJ1CfEvw=	\N	f	oviya			kitiw68598@homuno.com	f	t	2026-02-15 12:11:38.141358+00
5	pbkdf2_sha256$600000$vvHbCMkCJjHMskh9E56Qpe$KMZ5tb4bzxIJ3ELjRaoHPXysl7ruR23sm6XHaC/Bnyc=	\N	f	vel			xocar38063@homuno.com	f	t	2026-02-15 17:25:43.515602+00
6	pbkdf2_sha256$600000$kM3kCVhYzaNUfyzZNXLjeI$6gAQZq2n/IZ6HmDGI3F5aPEAEJ2CMTsYAX3y5qc7p1M=	\N	f	keerthana			hilivar768@manupay.com	f	t	2026-02-15 17:50:32.656324+00
7	pbkdf2_sha256$600000$5ZBJKs10mwkikCLjrsL08y$tTsHcGDHqTeB6G6DLbXRr5s1sqBCbokYwNfnrfkOgpY=	\N	f	kalai			fawebeb816@homuno.com	f	t	2026-02-15 18:30:11.928503+00
8	pbkdf2_sha256$600000$WlmLgUkEzuYnaeeu7sO131$X/CzAfrji6AE5q/gnQ3aOCPDQUZl4h80qcwwrSsLrBI=	\N	f	m			vawohe9526@homuno.com	f	t	2026-02-15 18:33:44.075204+00
9	pbkdf2_sha256$600000$FSR0LatPaZrU1yDFtKAKM6$GowyQ80qdVBPfq7XXZfiLpfh4KcN/96c3rNTkMh8Mi4=	\N	f	v			sannnnn302005@gmail.com	f	t	2026-02-15 18:47:45.918702+00
10	pbkdf2_sha256$600000$IKSb0erdCPYFx5T79GM0Ta$zWWDVNf53OHe2QNxkiU4lEUpR4Iowqb4IVb49I/byg0=	\N	f	gh			dohigo5399@manupay.com	f	t	2026-02-15 18:52:36.798648+00
11	pbkdf2_sha256$600000$Z0EfmPmVoGSW9gBSzRFN4q$ouMvxaAX/WZb5Z8cIGYuQvSRcKuuzpdjVm+yXxb29mY=	\N	f	ashwin			joneles423@homuno.com	f	t	2026-02-15 19:00:30.900698+00
12	pbkdf2_sha256$600000$zognQMCCT5N6JRicaTm3mU$t1/qYIE5pRhr1wgIFCCQ8kzklDDvS7ljiuO7UCLHaOE=	\N	f	dhanuja			ditaso4414@manupay.com	f	t	2026-02-15 19:13:23.525528+00
13	pbkdf2_sha256$600000$3uUV4cVbw0rHoVcEy4emLV$7Slf3vcC6hHRmOhjlkZPGMsH1LhN17xa4SLQmI2cFSI=	\N	f	b			pesow65179@manupay.com	f	t	2026-02-15 19:20:43.350378+00
14	pbkdf2_sha256$600000$EwJjytmyxrQdNy6hnu3t9h$piuMqfmm6OqwgYld3Jl2SVenOHoNG2EnCxq1fqwla80=	\N	f	thanga janani			lipos31019@desiys.com	f	t	2026-02-16 06:03:34.797275+00
15	pbkdf2_sha256$600000$wKdKsTlVCvxHt6zV7nKjJ5$9pF4a36xgVmnl8uRGewz+4SMHVnVuXyh/uqgpbp2Hrc=	\N	f	akalya			rewicem431@manupay.com	f	t	2026-02-16 08:28:30.634732+00
16	pbkdf2_sha256$600000$LOeB3XUCufFN6fb0F4FEKr$+FlFfCnXF5BykHfnIq47a6tBJ60/ZdYjC7FtTU1q3AA=	\N	f	akalya yash			vogate8506@esyline.com	f	t	2026-02-16 12:28:03.969705+00
\.


--
-- Data for Name: auth_user_groups; Type: TABLE DATA; Schema: public; Owner: -
--

COPY public.auth_user_groups (id, user_id, group_id) FROM stdin;
\.


--
-- Data for Name: auth_user_user_permissions; Type: TABLE DATA; Schema: public; Owner: -
--

COPY public.auth_user_user_permissions (id, user_id, permission_id) FROM stdin;
\.


--
-- Data for Name: authtoken_token; Type: TABLE DATA; Schema: public; Owner: -
--

COPY public.authtoken_token (key, created, user_id) FROM stdin;
d228d39e380458506643b5a8e660ecbabb25e186	2026-02-15 19:20:43.583602+00	13
c7ba77c36558ca4af561d54f86614940fa0ead36	2026-02-16 06:03:35.010152+00	14
8b469e5a27f796b1c04ccfdcc92ff7cd3bf65391	2026-02-16 08:28:30.905436+00	15
91a0f02156bea0b3d66d688a9e0390b1bd5e47c2	2026-02-16 12:28:04.162045+00	16
\.


--
-- Data for Name: django_admin_log; Type: TABLE DATA; Schema: public; Owner: -
--

COPY public.django_admin_log (id, action_time, object_id, object_repr, action_flag, change_message, content_type_id, user_id) FROM stdin;
\.


--
-- Data for Name: django_content_type; Type: TABLE DATA; Schema: public; Owner: -
--

COPY public.django_content_type (id, app_label, model) FROM stdin;
1	admin	logentry
2	auth	group
3	auth	permission
4	auth	user
5	contenttypes	contenttype
6	sessions	session
7	authtoken	token
8	authtoken	tokenproxy
9	app	dailyprogress
10	app	message
11	app	organization
12	app	role
13	app	user
14	app	userotp
15	app	userprofile
16	app	wellnesstype
17	app	workoutgroup
\.


--
-- Data for Name: django_migrations; Type: TABLE DATA; Schema: public; Owner: -
--

COPY public.django_migrations (id, app, name, applied) FROM stdin;
1	contenttypes	0001_initial	2026-02-13 12:05:08.887465+00
2	auth	0001_initial	2026-02-13 12:05:17.799372+00
3	admin	0001_initial	2026-02-13 12:05:20.251926+00
4	admin	0002_logentry_remove_auto_add	2026-02-13 12:05:20.566914+00
5	admin	0003_logentry_add_action_flag_choices	2026-02-13 12:05:21.488242+00
6	app	0001_initial	2026-02-13 12:05:35.61203+00
7	app	0002_remove_userotp_updated_at_userotp_email_and_more	2026-02-13 12:05:38.382002+00
8	app	0003_remove_user_country_code_remove_user_mobile_and_more	2026-02-13 12:05:42.568114+00
9	app	0004_user_country_code_user_mobile	2026-02-13 12:05:44.333843+00
10	app	0005_user_user_code	2026-02-13 12:05:46.099971+00
11	app	0006_userprofile_profile_image	2026-02-13 12:05:46.962006+00
12	contenttypes	0002_remove_content_type_name	2026-02-13 12:05:48.41217+00
13	auth	0002_alter_permission_name_max_length	2026-02-13 12:05:49.640965+00
14	auth	0003_alter_user_email_max_length	2026-02-13 12:05:50.767449+00
15	auth	0004_alter_user_username_opts	2026-02-13 12:05:51.381655+00
16	auth	0005_alter_user_last_login_null	2026-02-13 12:05:52.91781+00
17	auth	0006_require_contenttypes_0002	2026-02-13 12:05:53.426483+00
18	auth	0007_alter_validators_add_error_messages	2026-02-13 12:05:54.258134+00
19	auth	0008_alter_user_username_max_length	2026-02-13 12:05:55.785896+00
20	auth	0009_alter_user_last_name_max_length	2026-02-13 12:05:57.014244+00
21	auth	0010_alter_group_name_max_length	2026-02-13 12:05:58.146623+00
22	auth	0011_update_proxy_permissions	2026-02-13 12:05:58.772854+00
23	auth	0012_alter_user_first_name_max_length	2026-02-13 12:06:00.198995+00
24	authtoken	0001_initial	2026-02-13 12:06:02.134634+00
25	authtoken	0002_auto_20160226_1747	2026-02-13 12:06:02.486492+00
26	authtoken	0003_tokenproxy	2026-02-13 12:06:03.365118+00
27	authtoken	0004_alter_tokenproxy_options	2026-02-13 12:06:04.289731+00
28	sessions	0001_initial	2026-02-13 12:06:06.639399+00
\.


--
-- Data for Name: django_session; Type: TABLE DATA; Schema: public; Owner: -
--

COPY public.django_session (session_key, session_data, expire_date) FROM stdin;
\.


--
-- Name: app_dailyprogress_id_seq; Type: SEQUENCE SET; Schema: public; Owner: -
--

SELECT pg_catalog.setval('public.app_dailyprogress_id_seq', 1, false);


--
-- Name: app_message_id_seq; Type: SEQUENCE SET; Schema: public; Owner: -
--

SELECT pg_catalog.setval('public.app_message_id_seq', 1, false);


--
-- Name: app_organization_id_seq; Type: SEQUENCE SET; Schema: public; Owner: -
--

SELECT pg_catalog.setval('public.app_organization_id_seq', 1, false);


--
-- Name: app_role_id_seq; Type: SEQUENCE SET; Schema: public; Owner: -
--

SELECT pg_catalog.setval('public.app_role_id_seq', 1, false);


--
-- Name: app_userprofile_id_seq; Type: SEQUENCE SET; Schema: public; Owner: -
--

SELECT pg_catalog.setval('public.app_userprofile_id_seq', 2, true);


--
-- Name: app_wellnesstype_id_seq; Type: SEQUENCE SET; Schema: public; Owner: -
--

SELECT pg_catalog.setval('public.app_wellnesstype_id_seq', 1, false);


--
-- Name: app_workoutgroup_id_seq; Type: SEQUENCE SET; Schema: public; Owner: -
--

SELECT pg_catalog.setval('public.app_workoutgroup_id_seq', 1, false);


--
-- Name: app_workoutgroup_members_id_seq; Type: SEQUENCE SET; Schema: public; Owner: -
--

SELECT pg_catalog.setval('public.app_workoutgroup_members_id_seq', 1, false);


--
-- Name: auth_group_id_seq; Type: SEQUENCE SET; Schema: public; Owner: -
--

SELECT pg_catalog.setval('public.auth_group_id_seq', 1, false);


--
-- Name: auth_group_permissions_id_seq; Type: SEQUENCE SET; Schema: public; Owner: -
--

SELECT pg_catalog.setval('public.auth_group_permissions_id_seq', 1, false);


--
-- Name: auth_permission_id_seq; Type: SEQUENCE SET; Schema: public; Owner: -
--

SELECT pg_catalog.setval('public.auth_permission_id_seq', 68, true);


--
-- Name: auth_user_groups_id_seq; Type: SEQUENCE SET; Schema: public; Owner: -
--

SELECT pg_catalog.setval('public.auth_user_groups_id_seq', 1, false);


--
-- Name: auth_user_id_seq; Type: SEQUENCE SET; Schema: public; Owner: -
--

SELECT pg_catalog.setval('public.auth_user_id_seq', 16, true);


--
-- Name: auth_user_user_permissions_id_seq; Type: SEQUENCE SET; Schema: public; Owner: -
--

SELECT pg_catalog.setval('public.auth_user_user_permissions_id_seq', 1, false);


--
-- Name: django_admin_log_id_seq; Type: SEQUENCE SET; Schema: public; Owner: -
--

SELECT pg_catalog.setval('public.django_admin_log_id_seq', 1, false);


--
-- Name: django_content_type_id_seq; Type: SEQUENCE SET; Schema: public; Owner: -
--

SELECT pg_catalog.setval('public.django_content_type_id_seq', 17, true);


--
-- Name: django_migrations_id_seq; Type: SEQUENCE SET; Schema: public; Owner: -
--

SELECT pg_catalog.setval('public.django_migrations_id_seq', 28, true);


--
-- Name: app_dailyprogress app_dailyprogress_pkey; Type: CONSTRAINT; Schema: public; Owner: -
--

ALTER TABLE ONLY public.app_dailyprogress
    ADD CONSTRAINT app_dailyprogress_pkey PRIMARY KEY (id);


--
-- Name: app_message app_message_pkey; Type: CONSTRAINT; Schema: public; Owner: -
--

ALTER TABLE ONLY public.app_message
    ADD CONSTRAINT app_message_pkey PRIMARY KEY (id);


--
-- Name: app_organization app_organization_email_key; Type: CONSTRAINT; Schema: public; Owner: -
--

ALTER TABLE ONLY public.app_organization
    ADD CONSTRAINT app_organization_email_key UNIQUE (email);


--
-- Name: app_organization app_organization_pkey; Type: CONSTRAINT; Schema: public; Owner: -
--

ALTER TABLE ONLY public.app_organization
    ADD CONSTRAINT app_organization_pkey PRIMARY KEY (id);


--
-- Name: app_role app_role_name_key; Type: CONSTRAINT; Schema: public; Owner: -
--

ALTER TABLE ONLY public.app_role
    ADD CONSTRAINT app_role_name_key UNIQUE (name);


--
-- Name: app_role app_role_pkey; Type: CONSTRAINT; Schema: public; Owner: -
--

ALTER TABLE ONLY public.app_role
    ADD CONSTRAINT app_role_pkey PRIMARY KEY (id);


--
-- Name: app_user app_user_auth_user_id_key; Type: CONSTRAINT; Schema: public; Owner: -
--

ALTER TABLE ONLY public.app_user
    ADD CONSTRAINT app_user_auth_user_id_key UNIQUE (auth_user_id);


--
-- Name: app_user app_user_pkey; Type: CONSTRAINT; Schema: public; Owner: -
--

ALTER TABLE ONLY public.app_user
    ADD CONSTRAINT app_user_pkey PRIMARY KEY (id);


--
-- Name: app_user app_user_user_code_key; Type: CONSTRAINT; Schema: public; Owner: -
--

ALTER TABLE ONLY public.app_user
    ADD CONSTRAINT app_user_user_code_key UNIQUE (user_code);


--
-- Name: app_userotp app_userotp_pkey; Type: CONSTRAINT; Schema: public; Owner: -
--

ALTER TABLE ONLY public.app_userotp
    ADD CONSTRAINT app_userotp_pkey PRIMARY KEY (id);


--
-- Name: app_userprofile app_userprofile_pkey; Type: CONSTRAINT; Schema: public; Owner: -
--

ALTER TABLE ONLY public.app_userprofile
    ADD CONSTRAINT app_userprofile_pkey PRIMARY KEY (id);


--
-- Name: app_userprofile app_userprofile_user_id_key; Type: CONSTRAINT; Schema: public; Owner: -
--

ALTER TABLE ONLY public.app_userprofile
    ADD CONSTRAINT app_userprofile_user_id_key UNIQUE (user_id);


--
-- Name: app_wellnesstype app_wellnesstype_name_key; Type: CONSTRAINT; Schema: public; Owner: -
--

ALTER TABLE ONLY public.app_wellnesstype
    ADD CONSTRAINT app_wellnesstype_name_key UNIQUE (name);


--
-- Name: app_wellnesstype app_wellnesstype_pkey; Type: CONSTRAINT; Schema: public; Owner: -
--

ALTER TABLE ONLY public.app_wellnesstype
    ADD CONSTRAINT app_wellnesstype_pkey PRIMARY KEY (id);


--
-- Name: app_workoutgroup_members app_workoutgroup_members_pkey; Type: CONSTRAINT; Schema: public; Owner: -
--

ALTER TABLE ONLY public.app_workoutgroup_members
    ADD CONSTRAINT app_workoutgroup_members_pkey PRIMARY KEY (id);


--
-- Name: app_workoutgroup_members app_workoutgroup_members_workoutgroup_id_user_id_eb04adfc_uniq; Type: CONSTRAINT; Schema: public; Owner: -
--

ALTER TABLE ONLY public.app_workoutgroup_members
    ADD CONSTRAINT app_workoutgroup_members_workoutgroup_id_user_id_eb04adfc_uniq UNIQUE (workoutgroup_id, user_id);


--
-- Name: app_workoutgroup app_workoutgroup_pkey; Type: CONSTRAINT; Schema: public; Owner: -
--

ALTER TABLE ONLY public.app_workoutgroup
    ADD CONSTRAINT app_workoutgroup_pkey PRIMARY KEY (id);


--
-- Name: auth_group auth_group_name_key; Type: CONSTRAINT; Schema: public; Owner: -
--

ALTER TABLE ONLY public.auth_group
    ADD CONSTRAINT auth_group_name_key UNIQUE (name);


--
-- Name: auth_group_permissions auth_group_permissions_group_id_permission_id_0cd325b0_uniq; Type: CONSTRAINT; Schema: public; Owner: -
--

ALTER TABLE ONLY public.auth_group_permissions
    ADD CONSTRAINT auth_group_permissions_group_id_permission_id_0cd325b0_uniq UNIQUE (group_id, permission_id);


--
-- Name: auth_group_permissions auth_group_permissions_pkey; Type: CONSTRAINT; Schema: public; Owner: -
--

ALTER TABLE ONLY public.auth_group_permissions
    ADD CONSTRAINT auth_group_permissions_pkey PRIMARY KEY (id);


--
-- Name: auth_group auth_group_pkey; Type: CONSTRAINT; Schema: public; Owner: -
--

ALTER TABLE ONLY public.auth_group
    ADD CONSTRAINT auth_group_pkey PRIMARY KEY (id);


--
-- Name: auth_permission auth_permission_content_type_id_codename_01ab375a_uniq; Type: CONSTRAINT; Schema: public; Owner: -
--

ALTER TABLE ONLY public.auth_permission
    ADD CONSTRAINT auth_permission_content_type_id_codename_01ab375a_uniq UNIQUE (content_type_id, codename);


--
-- Name: auth_permission auth_permission_pkey; Type: CONSTRAINT; Schema: public; Owner: -
--

ALTER TABLE ONLY public.auth_permission
    ADD CONSTRAINT auth_permission_pkey PRIMARY KEY (id);


--
-- Name: auth_user_groups auth_user_groups_pkey; Type: CONSTRAINT; Schema: public; Owner: -
--

ALTER TABLE ONLY public.auth_user_groups
    ADD CONSTRAINT auth_user_groups_pkey PRIMARY KEY (id);


--
-- Name: auth_user_groups auth_user_groups_user_id_group_id_94350c0c_uniq; Type: CONSTRAINT; Schema: public; Owner: -
--

ALTER TABLE ONLY public.auth_user_groups
    ADD CONSTRAINT auth_user_groups_user_id_group_id_94350c0c_uniq UNIQUE (user_id, group_id);


--
-- Name: auth_user auth_user_pkey; Type: CONSTRAINT; Schema: public; Owner: -
--

ALTER TABLE ONLY public.auth_user
    ADD CONSTRAINT auth_user_pkey PRIMARY KEY (id);


--
-- Name: auth_user_user_permissions auth_user_user_permissions_pkey; Type: CONSTRAINT; Schema: public; Owner: -
--

ALTER TABLE ONLY public.auth_user_user_permissions
    ADD CONSTRAINT auth_user_user_permissions_pkey PRIMARY KEY (id);


--
-- Name: auth_user_user_permissions auth_user_user_permissions_user_id_permission_id_14a6b632_uniq; Type: CONSTRAINT; Schema: public; Owner: -
--

ALTER TABLE ONLY public.auth_user_user_permissions
    ADD CONSTRAINT auth_user_user_permissions_user_id_permission_id_14a6b632_uniq UNIQUE (user_id, permission_id);


--
-- Name: auth_user auth_user_username_key; Type: CONSTRAINT; Schema: public; Owner: -
--

ALTER TABLE ONLY public.auth_user
    ADD CONSTRAINT auth_user_username_key UNIQUE (username);


--
-- Name: authtoken_token authtoken_token_pkey; Type: CONSTRAINT; Schema: public; Owner: -
--

ALTER TABLE ONLY public.authtoken_token
    ADD CONSTRAINT authtoken_token_pkey PRIMARY KEY (key);


--
-- Name: authtoken_token authtoken_token_user_id_key; Type: CONSTRAINT; Schema: public; Owner: -
--

ALTER TABLE ONLY public.authtoken_token
    ADD CONSTRAINT authtoken_token_user_id_key UNIQUE (user_id);


--
-- Name: django_admin_log django_admin_log_pkey; Type: CONSTRAINT; Schema: public; Owner: -
--

ALTER TABLE ONLY public.django_admin_log
    ADD CONSTRAINT django_admin_log_pkey PRIMARY KEY (id);


--
-- Name: django_content_type django_content_type_app_label_model_76bd3d3b_uniq; Type: CONSTRAINT; Schema: public; Owner: -
--

ALTER TABLE ONLY public.django_content_type
    ADD CONSTRAINT django_content_type_app_label_model_76bd3d3b_uniq UNIQUE (app_label, model);


--
-- Name: django_content_type django_content_type_pkey; Type: CONSTRAINT; Schema: public; Owner: -
--

ALTER TABLE ONLY public.django_content_type
    ADD CONSTRAINT django_content_type_pkey PRIMARY KEY (id);


--
-- Name: django_migrations django_migrations_pkey; Type: CONSTRAINT; Schema: public; Owner: -
--

ALTER TABLE ONLY public.django_migrations
    ADD CONSTRAINT django_migrations_pkey PRIMARY KEY (id);


--
-- Name: django_session django_session_pkey; Type: CONSTRAINT; Schema: public; Owner: -
--

ALTER TABLE ONLY public.django_session
    ADD CONSTRAINT django_session_pkey PRIMARY KEY (session_key);


--
-- Name: app_dailyprogress_user_id_509db436; Type: INDEX; Schema: public; Owner: -
--

CREATE INDEX app_dailyprogress_user_id_509db436 ON public.app_dailyprogress USING btree (user_id);


--
-- Name: app_message_receiver_id_d4a57d51; Type: INDEX; Schema: public; Owner: -
--

CREATE INDEX app_message_receiver_id_d4a57d51 ON public.app_message USING btree (receiver_id);


--
-- Name: app_message_sender_id_a7a6a10b; Type: INDEX; Schema: public; Owner: -
--

CREATE INDEX app_message_sender_id_a7a6a10b ON public.app_message USING btree (sender_id);


--
-- Name: app_organization_email_07b45ae1_like; Type: INDEX; Schema: public; Owner: -
--

CREATE INDEX app_organization_email_07b45ae1_like ON public.app_organization USING btree (email varchar_pattern_ops);


--
-- Name: app_role_name_81fc1fd9_like; Type: INDEX; Schema: public; Owner: -
--

CREATE INDEX app_role_name_81fc1fd9_like ON public.app_role USING btree (name varchar_pattern_ops);


--
-- Name: app_user_user_code_28c2092c_like; Type: INDEX; Schema: public; Owner: -
--

CREATE INDEX app_user_user_code_28c2092c_like ON public.app_user USING btree (user_code varchar_pattern_ops);


--
-- Name: app_userotp_user_id_93c9c2d1; Type: INDEX; Schema: public; Owner: -
--

CREATE INDEX app_userotp_user_id_93c9c2d1 ON public.app_userotp USING btree (user_id);


--
-- Name: app_userprofile_assigned_trainer_id_5c14c4e7; Type: INDEX; Schema: public; Owner: -
--

CREATE INDEX app_userprofile_assigned_trainer_id_5c14c4e7 ON public.app_userprofile USING btree (assigned_trainer_id);


--
-- Name: app_wellnesstype_name_b61043f3_like; Type: INDEX; Schema: public; Owner: -
--

CREATE INDEX app_wellnesstype_name_b61043f3_like ON public.app_wellnesstype USING btree (name varchar_pattern_ops);


--
-- Name: app_workoutgroup_created_by_id_2e536b1c; Type: INDEX; Schema: public; Owner: -
--

CREATE INDEX app_workoutgroup_created_by_id_2e536b1c ON public.app_workoutgroup USING btree (created_by_id);


--
-- Name: app_workoutgroup_members_user_id_2812e812; Type: INDEX; Schema: public; Owner: -
--

CREATE INDEX app_workoutgroup_members_user_id_2812e812 ON public.app_workoutgroup_members USING btree (user_id);


--
-- Name: app_workoutgroup_members_workoutgroup_id_a87f0f34; Type: INDEX; Schema: public; Owner: -
--

CREATE INDEX app_workoutgroup_members_workoutgroup_id_a87f0f34 ON public.app_workoutgroup_members USING btree (workoutgroup_id);


--
-- Name: auth_group_name_a6ea08ec_like; Type: INDEX; Schema: public; Owner: -
--

CREATE INDEX auth_group_name_a6ea08ec_like ON public.auth_group USING btree (name varchar_pattern_ops);


--
-- Name: auth_group_permissions_group_id_b120cbf9; Type: INDEX; Schema: public; Owner: -
--

CREATE INDEX auth_group_permissions_group_id_b120cbf9 ON public.auth_group_permissions USING btree (group_id);


--
-- Name: auth_group_permissions_permission_id_84c5c92e; Type: INDEX; Schema: public; Owner: -
--

CREATE INDEX auth_group_permissions_permission_id_84c5c92e ON public.auth_group_permissions USING btree (permission_id);


--
-- Name: auth_permission_content_type_id_2f476e4b; Type: INDEX; Schema: public; Owner: -
--

CREATE INDEX auth_permission_content_type_id_2f476e4b ON public.auth_permission USING btree (content_type_id);


--
-- Name: auth_user_groups_group_id_97559544; Type: INDEX; Schema: public; Owner: -
--

CREATE INDEX auth_user_groups_group_id_97559544 ON public.auth_user_groups USING btree (group_id);


--
-- Name: auth_user_groups_user_id_6a12ed8b; Type: INDEX; Schema: public; Owner: -
--

CREATE INDEX auth_user_groups_user_id_6a12ed8b ON public.auth_user_groups USING btree (user_id);


--
-- Name: auth_user_user_permissions_permission_id_1fbb5f2c; Type: INDEX; Schema: public; Owner: -
--

CREATE INDEX auth_user_user_permissions_permission_id_1fbb5f2c ON public.auth_user_user_permissions USING btree (permission_id);


--
-- Name: auth_user_user_permissions_user_id_a95ead1b; Type: INDEX; Schema: public; Owner: -
--

CREATE INDEX auth_user_user_permissions_user_id_a95ead1b ON public.auth_user_user_permissions USING btree (user_id);


--
-- Name: auth_user_username_6821ab7c_like; Type: INDEX; Schema: public; Owner: -
--

CREATE INDEX auth_user_username_6821ab7c_like ON public.auth_user USING btree (username varchar_pattern_ops);


--
-- Name: authtoken_token_key_10f0b77e_like; Type: INDEX; Schema: public; Owner: -
--

CREATE INDEX authtoken_token_key_10f0b77e_like ON public.authtoken_token USING btree (key varchar_pattern_ops);


--
-- Name: django_admin_log_content_type_id_c4bce8eb; Type: INDEX; Schema: public; Owner: -
--

CREATE INDEX django_admin_log_content_type_id_c4bce8eb ON public.django_admin_log USING btree (content_type_id);


--
-- Name: django_admin_log_user_id_c564eba6; Type: INDEX; Schema: public; Owner: -
--

CREATE INDEX django_admin_log_user_id_c564eba6 ON public.django_admin_log USING btree (user_id);


--
-- Name: django_session_expire_date_a5c62663; Type: INDEX; Schema: public; Owner: -
--

CREATE INDEX django_session_expire_date_a5c62663 ON public.django_session USING btree (expire_date);


--
-- Name: django_session_session_key_c0390e0f_like; Type: INDEX; Schema: public; Owner: -
--

CREATE INDEX django_session_session_key_c0390e0f_like ON public.django_session USING btree (session_key varchar_pattern_ops);


--
-- Name: app_dailyprogress app_dailyprogress_user_id_509db436_fk_app_user_id; Type: FK CONSTRAINT; Schema: public; Owner: -
--

ALTER TABLE ONLY public.app_dailyprogress
    ADD CONSTRAINT app_dailyprogress_user_id_509db436_fk_app_user_id FOREIGN KEY (user_id) REFERENCES public.app_user(id) DEFERRABLE INITIALLY DEFERRED;


--
-- Name: app_message app_message_receiver_id_d4a57d51_fk_app_user_id; Type: FK CONSTRAINT; Schema: public; Owner: -
--

ALTER TABLE ONLY public.app_message
    ADD CONSTRAINT app_message_receiver_id_d4a57d51_fk_app_user_id FOREIGN KEY (receiver_id) REFERENCES public.app_user(id) DEFERRABLE INITIALLY DEFERRED;


--
-- Name: app_message app_message_sender_id_a7a6a10b_fk_app_user_id; Type: FK CONSTRAINT; Schema: public; Owner: -
--

ALTER TABLE ONLY public.app_message
    ADD CONSTRAINT app_message_sender_id_a7a6a10b_fk_app_user_id FOREIGN KEY (sender_id) REFERENCES public.app_user(id) DEFERRABLE INITIALLY DEFERRED;


--
-- Name: app_user app_user_auth_user_id_91ffb410_fk_auth_user_id; Type: FK CONSTRAINT; Schema: public; Owner: -
--

ALTER TABLE ONLY public.app_user
    ADD CONSTRAINT app_user_auth_user_id_91ffb410_fk_auth_user_id FOREIGN KEY (auth_user_id) REFERENCES public.auth_user(id) DEFERRABLE INITIALLY DEFERRED;


--
-- Name: app_userotp app_userotp_user_id_93c9c2d1_fk_auth_user_id; Type: FK CONSTRAINT; Schema: public; Owner: -
--

ALTER TABLE ONLY public.app_userotp
    ADD CONSTRAINT app_userotp_user_id_93c9c2d1_fk_auth_user_id FOREIGN KEY (user_id) REFERENCES public.auth_user(id) DEFERRABLE INITIALLY DEFERRED;


--
-- Name: app_userprofile app_userprofile_assigned_trainer_id_5c14c4e7_fk_app_user_id; Type: FK CONSTRAINT; Schema: public; Owner: -
--

ALTER TABLE ONLY public.app_userprofile
    ADD CONSTRAINT app_userprofile_assigned_trainer_id_5c14c4e7_fk_app_user_id FOREIGN KEY (assigned_trainer_id) REFERENCES public.app_user(id) DEFERRABLE INITIALLY DEFERRED;


--
-- Name: app_userprofile app_userprofile_user_id_370bd89d_fk_app_user_id; Type: FK CONSTRAINT; Schema: public; Owner: -
--

ALTER TABLE ONLY public.app_userprofile
    ADD CONSTRAINT app_userprofile_user_id_370bd89d_fk_app_user_id FOREIGN KEY (user_id) REFERENCES public.app_user(id) DEFERRABLE INITIALLY DEFERRED;


--
-- Name: app_workoutgroup app_workoutgroup_created_by_id_2e536b1c_fk_app_user_id; Type: FK CONSTRAINT; Schema: public; Owner: -
--

ALTER TABLE ONLY public.app_workoutgroup
    ADD CONSTRAINT app_workoutgroup_created_by_id_2e536b1c_fk_app_user_id FOREIGN KEY (created_by_id) REFERENCES public.app_user(id) DEFERRABLE INITIALLY DEFERRED;


--
-- Name: app_workoutgroup_members app_workoutgroup_mem_workoutgroup_id_a87f0f34_fk_app_worko; Type: FK CONSTRAINT; Schema: public; Owner: -
--

ALTER TABLE ONLY public.app_workoutgroup_members
    ADD CONSTRAINT app_workoutgroup_mem_workoutgroup_id_a87f0f34_fk_app_worko FOREIGN KEY (workoutgroup_id) REFERENCES public.app_workoutgroup(id) DEFERRABLE INITIALLY DEFERRED;


--
-- Name: app_workoutgroup_members app_workoutgroup_members_user_id_2812e812_fk_app_user_id; Type: FK CONSTRAINT; Schema: public; Owner: -
--

ALTER TABLE ONLY public.app_workoutgroup_members
    ADD CONSTRAINT app_workoutgroup_members_user_id_2812e812_fk_app_user_id FOREIGN KEY (user_id) REFERENCES public.app_user(id) DEFERRABLE INITIALLY DEFERRED;


--
-- Name: auth_group_permissions auth_group_permissio_permission_id_84c5c92e_fk_auth_perm; Type: FK CONSTRAINT; Schema: public; Owner: -
--

ALTER TABLE ONLY public.auth_group_permissions
    ADD CONSTRAINT auth_group_permissio_permission_id_84c5c92e_fk_auth_perm FOREIGN KEY (permission_id) REFERENCES public.auth_permission(id) DEFERRABLE INITIALLY DEFERRED;


--
-- Name: auth_group_permissions auth_group_permissions_group_id_b120cbf9_fk_auth_group_id; Type: FK CONSTRAINT; Schema: public; Owner: -
--

ALTER TABLE ONLY public.auth_group_permissions
    ADD CONSTRAINT auth_group_permissions_group_id_b120cbf9_fk_auth_group_id FOREIGN KEY (group_id) REFERENCES public.auth_group(id) DEFERRABLE INITIALLY DEFERRED;


--
-- Name: auth_permission auth_permission_content_type_id_2f476e4b_fk_django_co; Type: FK CONSTRAINT; Schema: public; Owner: -
--

ALTER TABLE ONLY public.auth_permission
    ADD CONSTRAINT auth_permission_content_type_id_2f476e4b_fk_django_co FOREIGN KEY (content_type_id) REFERENCES public.django_content_type(id) DEFERRABLE INITIALLY DEFERRED;


--
-- Name: auth_user_groups auth_user_groups_group_id_97559544_fk_auth_group_id; Type: FK CONSTRAINT; Schema: public; Owner: -
--

ALTER TABLE ONLY public.auth_user_groups
    ADD CONSTRAINT auth_user_groups_group_id_97559544_fk_auth_group_id FOREIGN KEY (group_id) REFERENCES public.auth_group(id) DEFERRABLE INITIALLY DEFERRED;


--
-- Name: auth_user_groups auth_user_groups_user_id_6a12ed8b_fk_auth_user_id; Type: FK CONSTRAINT; Schema: public; Owner: -
--

ALTER TABLE ONLY public.auth_user_groups
    ADD CONSTRAINT auth_user_groups_user_id_6a12ed8b_fk_auth_user_id FOREIGN KEY (user_id) REFERENCES public.auth_user(id) DEFERRABLE INITIALLY DEFERRED;


--
-- Name: auth_user_user_permissions auth_user_user_permi_permission_id_1fbb5f2c_fk_auth_perm; Type: FK CONSTRAINT; Schema: public; Owner: -
--

ALTER TABLE ONLY public.auth_user_user_permissions
    ADD CONSTRAINT auth_user_user_permi_permission_id_1fbb5f2c_fk_auth_perm FOREIGN KEY (permission_id) REFERENCES public.auth_permission(id) DEFERRABLE INITIALLY DEFERRED;


--
-- Name: auth_user_user_permissions auth_user_user_permissions_user_id_a95ead1b_fk_auth_user_id; Type: FK CONSTRAINT; Schema: public; Owner: -
--

ALTER TABLE ONLY public.auth_user_user_permissions
    ADD CONSTRAINT auth_user_user_permissions_user_id_a95ead1b_fk_auth_user_id FOREIGN KEY (user_id) REFERENCES public.auth_user(id) DEFERRABLE INITIALLY DEFERRED;


--
-- Name: authtoken_token authtoken_token_user_id_35299eff_fk_auth_user_id; Type: FK CONSTRAINT; Schema: public; Owner: -
--

ALTER TABLE ONLY public.authtoken_token
    ADD CONSTRAINT authtoken_token_user_id_35299eff_fk_auth_user_id FOREIGN KEY (user_id) REFERENCES public.auth_user(id) DEFERRABLE INITIALLY DEFERRED;


--
-- Name: django_admin_log django_admin_log_content_type_id_c4bce8eb_fk_django_co; Type: FK CONSTRAINT; Schema: public; Owner: -
--

ALTER TABLE ONLY public.django_admin_log
    ADD CONSTRAINT django_admin_log_content_type_id_c4bce8eb_fk_django_co FOREIGN KEY (content_type_id) REFERENCES public.django_content_type(id) DEFERRABLE INITIALLY DEFERRED;


--
-- Name: django_admin_log django_admin_log_user_id_c564eba6_fk_auth_user_id; Type: FK CONSTRAINT; Schema: public; Owner: -
--

ALTER TABLE ONLY public.django_admin_log
    ADD CONSTRAINT django_admin_log_user_id_c564eba6_fk_auth_user_id FOREIGN KEY (user_id) REFERENCES public.auth_user(id) DEFERRABLE INITIALLY DEFERRED;


--
-- PostgreSQL database dump complete
--

\unrestrict sMeERBH1xTEPsrxMWs2Hf1wEwhR1E5eG3FdFyJcABMCIx2NJhmqy6cHEMvBKv0c

